Title,City
"2020 Summer Internship - Software Engineer, Android Mobile Computing","Holtsville, NY, US"
"2020 Summer Internship - Software Engineering, Advanced Mobile Computing","Holtsville, NY, US"
"2020 Summer Internship - Software Engineer, Mobile Computing","Holtsville, NY, US"
Project Coordinator (Intern) -Newark,"Newark, NJ, US"
Project Coordinator (Intern) -Essex County,"Essex County, NJ, US"
Project Coordinator (Intern) -Essex County,"Essex County, NJ, US"
"2020 Summer Internship - Software Engineer, Prototype","Holtsville, NY, US"
Project Coordinator (Intern) -New York,"New York City, NY, US"
"2020 Summer Internship - Software Engineer, Global Enablement Center","Holtsville, NY, US"
Project Coordinator (Intern) -New York,"New York City, NY, US"
"2020 Summer Internship - Mechanical Engineer, Mobile Computing, Custom Products Group","Holtsville, NY, US"
Project Coordinator (Intern),"Newark, NJ, US"
2020 Summer Internship - Product Management Field Mobility,"Holtsville, NY, US"
2020 Summer Internship - Software Licensing Management,"Lincolnshire, IL, US"
2020 Summer Internship - Technology Business Management,"Holtsville, NY, US"
Project Coordinator (Intern) -Newark,"Newark, NJ, US"
2020 Summer Internship - Software Engineering,"Miramar, FL, US"
"2020 Summer Internship - Firmware Engineer, SPG/Custom Applications Group","Lincoln, RI, US"
2020 Summer Internship - Portfolio Innovations and Solutions,"Holtsville, NY, US"
Project Coordinator (Intern) -Newark,"Newark, NJ, US"
Project Coordinator (Intern) -Newark,"Newark, NJ, US"
Project Coordinator (Intern) -Newark,"Newark, NJ, US"
"2020 Summer Internship - Software Engineer, Android Mobile Computing","Holtsville, NY, US"
2020 Summer Internship - Portfolio Innovations and Solutions,"Holtsville, NY, US"
2020 Summer Internship - Product Management Field Mobility,"Holtsville, NY, US"
Project Coordinator (Intern) -New York,"New York City, NY, US"
Project Coordinator (Intern) -Newark,"Newark, NJ, US"
Project Coordinator (Intern),"Newark, NJ, US"
"2020 Summer Internship - Software Engineer, Mobile Computing","Holtsville, NY, US"
Project Coordinator (Intern) -Essex County,"Essex County, NJ, US"
2020 Summer Internship - Software Licensing Management,"Lincolnshire, IL, US"
Project Coordinator (Intern) -Essex County,"Essex County, NJ, US"
"2020 Summer Internship - Mechanical Engineer, Mobile Computing, Custom Products Group","Holtsville, NY, US"
"2020 Summer Internship - Software Engineer, Prototype","Holtsville, NY, US"
"2020 Summer Internship - Software Engineer, Global Enablement Center","Holtsville, NY, US"
2020 Summer Internship - Technology Business Management,"Holtsville, NY, US"
Project Coordinator (Intern) -Newark,"Newark, NJ, US"
"2020 Summer Internship - Software Engineering, Advanced Mobile Computing","Holtsville, NY, US"
2020 Summer Internship - Software Engineering,"Miramar, FL, US"
"2020 Summer Internship - Firmware Engineer, SPG/Custom Applications Group","Lincoln, RI, US"
Project Coordinator (Intern) -Newark,"Newark, NJ, US"
Project Coordinator (Intern) -Newark,"Newark, NJ, US"
Project Coordinator (Intern) -Newark,"Newark, NJ, US"
Project Coordinator (Intern) -New York,"New York City, NY, US"
